Date,Calories (kcal),Distance (m),Low latitude (deg),Low longitude (deg),High latitude (deg),High longitude (deg),Average speed (m/s),Max speed (m/s),Min speed (m/s),Step count,Average weight (kg),Max weight (kg),Min weight (kg),Biking duration (ms),Inactive duration (ms),Walking duration (ms),Calisthenics duration (ms),Hiking duration (ms),Sleep duration (ms)
2018-04-13,47.1298019212963,,,,,,,,,,,,,,,,,,
2018-04-14,1123.25,,,,,,,,,,,,,,,,,,
2018-04-15,1123.25,,,,,,,,,,,,,,,,,,
2018-04-16,1123.25,,,,,,,,,,,,,,,,,,
2018-04-17,1123.25,,,,,,,,,,,,,,,,,,
2018-04-18,1123.25,,,,,,,,,,,,,,,,,,
2018-04-19,1123.25,,,,,,,,,,,,,,,,,,
2018-04-20,1123.2499958321914,,,,,,,,,,37.0,37.0,37.0,,,,,,
2018-04-21,1252.4625189384785,3800.487493388355,22.249513626098633,84.90416717529297,22.256166458129883,84.91010284423828,0.8305544595329083,1.7799999713897705,0.0,5488,,,,,41999485,4959230,,,
2018-04-22,1172.3075639163255,1625.1864938735962,22.249664306640625,84.8979263305664,22.256019592285156,84.90636444091797,0.6705992319928519,3.264164686203003,0.13857302069664001,1812,,,,,83481818,1641550,,,
2018-04-23,1241.2120483673198,2982.6406492888927,22.25216293334961,84.90068054199219,22.256175994873047,84.91192626953125,0.6076997298891469,2.741847038269043,0.25057053565979004,4864,,,,,81134727,4527431,,,
2018-04-24,1191.5748033681512,1344.9300053715706,22.252058029174805,84.9009017944336,22.25617218017578,84.90608215332031,0.7430163918972248,1.7989163398742676,0.2437087446451187,3327,,,,,80935686,2622336,,,
2018-04-25,1294.405440291022,5692.2318042218685,22.251453399658203,84.90092468261719,22.25617218017578,84.91243743896484,0.9101956887400413,1.7505407333374023,0.2721730172634125,9389,,,,,78216282,6569015,,,
2018-04-26,1278.771643289764,4902.008402824402,22.251453399658203,84.89883422851562,22.25617218017578,84.90611267089844,0.8766755293655845,2.7112176418304443,0.044221047312021255,7794,,,,,76068744,5968985,,,
2018-04-27,1311.6168227502355,5802.362470984459,22.25063705444336,84.89884948730469,22.25617218017578,84.91259765625,0.6389457428107967,3.0096654891967773,0.14461062848567963,9664,,,,,78316027,7229596,,,
2018-04-28,1315.2187016004725,4048.9583978056908,22.24951171875,84.90425109863281,22.256175994873047,84.91085052490234,0.7450917520226372,2.2963173389434814,0.0,7941,,,,,77855211,7367836,,,
2018-04-29,1233.7570567036664,3580.1352532804012,22.251602172851562,84.90119171142578,22.25617218017578,84.90594482421875,0.9838249490071176,4.586086750030518,0.25322186946868896,5200,,,,,82145125,4043857,,,
2018-04-30,1421.5693080545527,13577.568527758121,22.22328758239746,84.85485076904297,22.26072120666504,84.91143035888672,0.9350490442469243,11.731271743774414,0.08432276546955109,12678,,,,874910,75150934,9578190,,,
2018-05-01,1327.1570557020348,7502.476652264595,22.223129272460938,84.86670684814453,22.256195068359375,84.91195678710938,1.0083652997100079,4.238768577575684,0.0,9678,,,,,76937948,7544912,,,
2018-05-02,1282.5000689970268,6096.454808793962,22.223129272460938,84.86670684814453,22.256195068359375,84.9109115600586,0.911976849646269,3.58845591545105,0.049936506897211075,9380,,,,,80204246,5846466,,,
2018-05-03,1352.7119318383525,5524.147493034601,22.223129272460938,84.86670684814453,22.259729385375977,84.91195678710938,0.9065136828879765,9.449999809265137,0.011312933638691902,9417,,,,,74766693,8791895,,,
2018-05-04,1492.8196637719982,20238.93803706765,22.223129272460938,84.863525390625,22.256195068359375,84.91254425048828,1.4134163341684902,24.671619415283203,0.0,12422,,,,1814044,59987474,9371875,,,
2018-05-05,1123.25,,22.22382164001465,84.863525390625,22.256195068359375,84.90591430664062,,,,2059,,,,,,,,,
2018-05-06,1123.25,,22.25176429748535,84.904541015625,22.256195068359375,84.90602111816406,,,,1077,,,,,,,,,
2018-05-07,1123.25,,22.251394271850586,84.89936065673828,22.256221771240234,84.9114990234375,,,,6311,,,,,,,,,
2018-05-08,1123.2500019949637,,22.24925994873047,84.89884185791016,22.260650634765625,84.91067504882812,,,,12186,,,,,,,,,
2018-05-09,1144.5058881948078,676.6505603790283,22.2246150970459,84.85831451416016,22.260650634765625,84.9114990234375,1.0860190780261363,1.4118162393569946,0.4131709337234497,8723,,,,,15411675,815809,,,
2018-05-10,1648.1767074107986,18939.32051795721,22.223918914794922,84.86355590820312,22.260650634765625,84.91242218017578,0.9409371527776685,30.343856811523438,0.12678226828575134,13891,,,,1835184,71265505,12723986,,,
2018-05-11,1449.6704659758968,16304.025147736073,22.193342208862305,84.86076354980469,22.260650634765625,84.9114990234375,0.9036719895839236,10.769733428955078,0.04781044274568558,12859,,,,1646951,73452730,9695756,,,
2018-05-12,1445.6093536450737,17325.605041891336,22.225645065307617,84.85396575927734,22.256195068359375,84.91194152832031,1.2755833546906707,28.220407485961914,0.25696587562561035,10705,,,,1633576,76731707,7974190,,,
2018-05-13,1300.5323847316336,4782.743834495544,22.250778198242188,84.89957427978516,22.260650634765625,84.91236877441406,0.8370717790048464,3.221120595932007,0.11124082654714584,7936,,,,,78987150,6804168,,,
2018-05-14,1406.694388094562,10439.883287489414,22.22348976135254,84.8662338256836,22.259492874145508,84.91202545166016,0.7778683630931854,3.514659881591797,0.2538740932941437,16414,,,,,74047349,10878709,,,
2018-05-15,1399.127694833425,8019.276877403259,22.22325325012207,84.86222076416016,22.256244659423828,84.91156005859375,0.84533610820878,2.019432783126831,0.04798251762986183,12350,,,,,73161841,10544313,,,
2018-05-16,1479.6804430231068,20147.006299734116,22.223102569580078,84.84546661376953,22.255828857421875,84.91254425048828,1.070308884168706,33.507442474365234,0.08044678717851639,7486,,,,3249797,72495222,6959760,,,
2018-05-17,1571.4853447898145,22260.564082741737,22.22054672241211,84.81571960449219,22.273656845092773,84.91262817382812,1.0400748256579475,12.609999656677246,0.028880834579467773,18712,,,,1637644,68206383,14196987,,,
2018-05-18,1341.6196080742611,14621.87811177969,22.22325325012207,84.86174011230469,22.25589370727539,84.90995788574219,1.3126301517727215,24.779733657836914,0.0,6865,,,,2541982,75723533,5193545,,,
2018-05-19,1248.7956930239993,4019.8165640830994,22.22324562072754,84.8665771484375,22.255783081054688,84.91065979003906,0.8560927316329718,1.6341845989227295,0.24075670540332794,7089,,,,,77543235,4818496,,,
2018-05-20,1384.760360026095,11273.602362632751,17.712440490722656,83.30110168457031,22.255910873413086,84.90592956542969,0.9926167276547353,10.812365531921387,0.04968477785587311,3603,,,,1989054,78944472,5117716,,,
2018-05-21,1381.7741760957822,8450.152996081859,22.251386642456055,84.9008560180664,22.25619888305664,84.91194152832031,0.976684588302161,3.2274909019470215,0.23458097875118256,13754,,,,,76004530,9922261,,,
2018-05-22,1227.4056027854167,3223.1969923973083,22.251968383789062,84.89971923828125,22.256710052490234,84.91248321533203,0.6022438481005051,2.377833843231201,0.2710352838039398,6322,,,,,79075010,3997534,,,
2018-05-23,1496.0439155217578,17685.245008111,22.22551918029785,84.86143493652344,22.260835647583008,84.9123764038086,1.2690667417287251,31.523544311523438,0.05842995271086693,13277,,,,1142097,73169106,10350568,,,
2018-05-24,1392.5076637195436,7353.802487641573,22.251705169677734,84.9003677368164,22.25619888305664,84.91353607177734,0.7717429975268862,3.549626350402832,0.05379278585314751,12628,,,,,74364651,10334215,,,
2018-05-25,1319.4262911818553,7730.462015509605,22.24925994873047,84.89727020263672,22.25619888305664,84.90571594238281,1.0120864030690944,1.9688643217086792,0.20100055634975433,12240,,,,,77530516,7529327,,,
2018-05-26,1468.407632888675,14679.487023323774,22.22391128540039,84.8614273071289,22.586658477783203,88.37673950195312,0.8930939877043621,7.326887607574463,0.11308553069829941,16608,38.099998474121094,38.099998474121094,38.099998474121094,925612,41789591,11166773,,,
2018-05-27,1374.2529783001435,8558.999213218689,22.5257625579834,88.36097717285156,22.578092575073242,88.39619445800781,0.8629935555591149,10.944120407104492,0.040347278118133545,5350,,,,743187,71278664,7878987,,,
2018-05-28,1340.7908497223227,3500.0546414852142,22.553356170654297,88.37569427490234,22.57366943359375,88.39631652832031,0.773940292570037,8.609999656677246,0.10465873032808304,4503,,,,,71937182,7624596,,,
2018-05-29,1426.1667838112546,9962.707306288183,22.22381019592285,84.86103057861328,22.623504638671875,88.39469909667969,5.800951901724477,33.040000915527344,0.005164327099919319,6378,,,,659817,49651782,8808908,,,
2018-05-30,1621.3668058942922,26379.00061893463,22.22345733642578,84.84825897216797,22.256196975708008,84.9113998413086,1.2077439656990834,29.35220718383789,0.07982183247804642,18064,,,,2366330,70889521,12400086,,,
2018-05-31,1327.6080355031772,6869.7179396003485,22.25177001953125,84.90059661865234,22.256196975708008,84.91191101074219,0.9163113691350339,6.639999866485596,0.0,10680,,,,,78586401,7137944,,,
2018-06-01,1508.6693919302395,10942.993708096445,22.249509811401367,84.9003677368164,22.256196975708008,84.91195678710938,0.6952561577850526,4.579837322235107,0.020667951554059982,17261,,,,727705,71150940,13037379,,,
2018-06-02,1276.8670265377998,5544.205615401268,22.25050926208496,84.90007781982422,22.256248474121094,84.91383361816406,0.8044716708758888,4.214502811431885,0.0,7620,,,,,79809302,5125684,,,
2018-06-03,1207.441919673105,2167.9431108236313,22.252103805541992,84.9003677368164,22.256072998046875,84.90589141845703,0.5244674243368023,3.5328369140625,0.253402441740036,3836,,,,,82961533,2701932,,,
2018-06-04,1459.9118564354183,8786.718533925401,22.22803497314453,84.86107635498047,24.91633415222168,92.9798355102539,5.774827374548221,30.824434280395508,0.03189384192228317,6739,,,,3070715,42140899,8134456,,,
2018-06-05,1298.2077104601633,3941.383789249075,22.55430793762207,88.28263092041016,24.916147232055664,92.97972106933594,0.6789860029368928,8.100000381469727,0.10994639247655869,5166,,,,1211092,58078829,4746884,,,
2018-06-06,1278.482370345033,7363.19027852267,22.223302841186523,84.86339569091797,22.772445678710938,86.56926727294922,2.3496492178523627,30.209999084472656,0.0,3809,,,,627754,67298777,3031222,,,
2018-06-07,1340.7009613653122,5707.782262234017,22.24872398376465,84.89970397949219,22.256195068359375,84.90708923339844,0.6091358345426989,3.5935750007629395,0.06147478520870209,10217,,,,,78646335,7609936,,,
2018-06-08,1232.5044154186596,14894.155340343714,22.249971389770508,84.89981842041016,22.256196975708008,84.91243743896484,0.7715442342345236,2.354982852935791,0.04740528017282486,24553,,,,,70265986,15979914,,,
2018-06-09,1230.1247543059665,6045.689161598682,22.24017906188965,84.82688903808594,22.256193161010742,84.91194915771484,0.7734216331577897,1.6737233400344849,0.0,9774,,,,,78727917,6231032,,,
2018-06-10,1288.0843965423624,4986.630825042725,22.251699447631836,84.90447998046875,22.256193161010742,84.91004180908203,0.7254857256427575,1.5903583765029907,0.2815583050251007,9116,,,,,80470841,5678874,,,
2018-06-11,1352.1885267978498,7043.126479744911,22.248788833618164,84.90036010742188,22.255754470825195,84.91099548339844,0.8902959569027381,2.2982192039489746,0.0,11896,,,,,75817264,8013995,,,
2018-06-12,1252.5513738756954,2252.992720782757,22.251708984375,84.90122985839844,22.25607681274414,84.90663146972656,0.6923875004182697,1.642060399055481,0.2552799582481384,4686,,,,,80564848,4367176,,,
2018-06-13,1271.4714631939985,3039.233265578747,22.223804473876953,84.82013702392578,22.255786895751953,84.91352081298828,0.8558886864207043,1.8467824459075928,0.02093195728957653,5988,,,,,73875252,5065625,,,
2018-06-14,1273.4925696637172,3285.6515095829964,22.224857330322266,84.82303619384766,22.255908966064453,84.91307830810547,0.7790310824997299,2.057889699935913,0.27591273188591003,6290,,,,,79088045,5140233,,,
2018-06-15,1344.2390918309748,6011.583006858826,22.25186538696289,84.9006118774414,22.255945205688477,84.9090347290039,0.8894361650215142,1.99284827709198,0.25036996603012085,9330,,,,,78212087,7751890,,,
2018-06-16,1338.611940123353,9279.39155202359,22.22296142578125,84.86349487304688,22.256132125854492,84.91094970703125,0.8835327471912542,17.594579696655273,0.11495710909366608,7524,,,,964499,77507995,6501475,,,
2018-06-17,1223.0461263241903,2609.6695082187653,22.24458122253418,84.870361328125,22.256195068359375,84.91126251220703,1.3117035530215069,1.4395736455917358,0.2690722346305847,5770,,,,,81240475,3277969,,,
2018-06-18,1258.9756202395804,3642.2284423410892,22.2513427734375,84.90062713623047,22.256011962890625,84.90663146972656,0.600149574950849,1.7303204536437988,0.25887274742126465,6293,,,,,81014464,4604332,,,
2018-06-19,1355.9855074133684,8260.414971262217,22.251686096191406,84.900390625,22.25588607788086,84.91272735595703,0.8883831500811078,4.427545070648193,0.2815582752227783,13230,,,,,76618355,8185517,,,
2018-06-20,1536.069585534321,9480.770058691502,22.24947738647461,84.90036010742188,22.256200790405273,84.91314697265625,0.851807874573392,2.031120777130127,0.25138765573501587,16624,,,,,70614922,14832480,,,
2018-06-21,1615.7861062716795,15368.753864176571,22.247020721435547,84.89845275878906,22.25588607788086,84.9109115600586,0.8457261549945949,2.7159950733184814,0.04062468558549881,26380,,,,,67010661,17776229,,,
2018-06-22,1260.1585590018578,2486.8824733495712,22.223299026489258,84.84053039550781,22.255767822265625,84.91351318359375,0.5135514732146623,1.5914114713668823,0.21311596035957336,4404,,,,,78086700,4647998,,,
2018-06-23,1403.012454967362,9221.431691862643,22.2458438873291,84.89486694335938,22.256200790405273,84.91314697265625,0.645987968687378,3.189507007598877,0.26278772950172424,14140,,,,192230,74037276,9714296,,,
2018-06-24,1519.3268712032805,14895.30401980877,22.223466873168945,84.8615493774414,22.26384925842285,84.91166687011719,0.7228748034024226,34.03506088256836,0.25232744216918945,13929,,,,1021479,71556787,12048514,,,
2018-06-25,1312.0933568410296,3836.946835577488,22.251453399658203,84.89016723632812,22.258995056152344,84.91194915771484,0.867581587778413,2.1567044258117676,0.2163643091917038,6647,,,,,79156061,6565209,,,
2018-06-26,1245.7934037093733,2797.4575233459473,22.251779556274414,84.89016723632812,22.258995056152344,84.90593719482422,0.7812523802174792,1.5894774198532104,0.2815582752227783,5117,,,,,80529814,4118963,,,
2018-06-27,1324.148347708125,5901.034440755844,22.25133514404297,84.90056610107422,22.256200790405273,84.9104232788086,0.5521278311509232,1.9484907388687134,0.09646307677030563,9773,,,,,78742776,7008747,,,
2018-06-28,1496.9054044164102,9334.03436037898,22.22467803955078,84.85179138183594,22.255870819091797,84.90982818603516,0.650400869962387,1.661157250404358,0.01900208368897438,16513,,,,,68814539,14365269,,,
2018-06-29,1450.4832945169976,9211.165258288383,22.222578048706055,84.8221206665039,22.59501075744629,88.3758316040039,0.716548910245886,3.47916316986084,0.06445755809545517,15452,,,,,47436883,11673968,,,
2018-06-30,1252.5095627262235,886.7534673213959,22.554162979125977,88.37545013427734,22.554777145385742,88.37639617919922,0.37765197321665656,0.8746907711029053,0.2444196343421936,2977,,,,,80790540,4365632,,,
2018-07-01,1274.0653567516495,6518.955195307732,22.466012954711914,88.36217498779297,22.598873138427734,88.41809844970703,1.0688513104585342,12.460000038146973,0.07752712070941925,3668,,,,1131080,72108069,3921251,,,
2018-07-02,1518.545746713663,5312.2012455016375,22.5369930267334,88.35089874267578,22.57390022277832,88.38118743896484,0.7502662045164773,11.869999885559082,0.0,9772,,,,,67093252,14186534,,,
2018-07-03,1465.0104311445857,8737.583401203156,22.53705406188965,88.34037017822266,22.867372512817383,88.37602996826172,1.0453855086963362,11.1899995803833,0.017654145136475563,11947,,,,,65485675,13773313,,,
2018-07-04,1290.8214644851296,1592.795009613037,22.55415916442871,88.37438201904297,22.55560302734375,88.37619018554688,0.3672331767034717,0.7954910397529602,0.24714134633541107,3948,,,,,80094452,5779941,,,
2018-07-05,1422.0541348306438,6284.705184586346,22.540830612182617,88.3499755859375,22.563190460205078,88.37619018554688,0.9665062922035065,6.909999847412109,0.030709439888596535,8087,,,,,68513744,10850667,,,
2018-07-06,1462.7868681971563,4712.869019269943,22.53929901123047,88.36624908447266,22.595163345336914,88.42058563232422,0.9108586668318742,14.899999618530273,0.05033545568585396,7559,,,,,64818568,12126589,,,
2018-07-07,1319.222691821194,5887.667328417301,13.023762702941895,77.5858383178711,22.644025802612305,88.44743347167969,0.9682717963351096,13.25,0.0,6239,38.900001525878906,38.900001525878906,38.900001525878906,490030,68860958,6121448,,,
2018-07-08,1407.1173656271844,5630.6366298645735,12.913820266723633,77.5865478515625,13.043055534362793,77.70172119140625,0.7167709171873908,8.40999984741211,0.025331569835543633,7898,,,,,64051707,9324920,,,
2018-07-09,1358.2870271705108,4993.687775850296,12.933817863464355,77.60863494873047,12.936676025390625,77.6163558959961,0.6772125417529042,8.34000015258789,0.07900258898735046,8928,,,,,75710845,7759779,,,
2018-07-10,1408.9471068164612,6578.684417486191,12.933635711669922,77.61487579345703,12.939470291137695,77.62651824951172,0.6496196019155492,5.0,0.059612154960632324,8982,,,,,75287702,9579197,,,
2018-07-11,1321.7527761671688,4162.560818847269,12.933403015136719,77.61026763916016,12.935887336730957,77.61710357666016,0.7482686198418707,4.349999904632568,0.028310291469097137,6220,,,,,79725220,6416269,,,
2018-07-12,1286.7207157404641,2040.3730931151658,12.934186935424805,77.6151123046875,12.935461044311523,77.61630249023438,0.5114609824784776,4.114184856414795,0.11461226642131805,4518,,,,,80344878,5189206,,,
2018-07-13,1245.6584873751635,2136.52385019511,12.934122085571289,77.61514282226562,12.935223579406738,77.61638641357422,0.5259451456430421,3.6600000858306885,0.009631660766899586,4507,,,,,82151983,3714303,,,
2018-07-14,1436.2232229277965,7588.465384382755,12.9331987,77.6135638,12.9367668,77.6244058,0.5140811751489913,3.0299999713897705,0.0,11285,,,,,75402211,10550678,,,
2018-07-15,1444.0700841183786,5794.916923262179,12.8049389,77.6079912,12.9362796,77.7000381,0.9524773617606664,19.959999084472656,0.021542105823755264,8068,,,,,67813826,10840997,,,
2018-07-16,1266.7088714158185,1988.0733534693718,12.9337894,77.6151456,12.9353422,77.6165278,0.5528905955768441,1.5,0.24338257312774658,4480,,,,,81547542,4470407,,,
2018-07-17,1318.7516797382698,2253.9647804079796,12.9340762,77.6142586,12.9353201,77.6166483,0.7961083027497498,1.5297430753707886,0.12539790570735931,5242,,,,,78949927,6339717,,,
2018-07-18,1369.9966315669678,5772.889853638575,12.9283602,77.5996876,12.9434471,77.6260869,0.6108971041292699,6.78000020980835,0.02081647515296936,8880,,,,,74131946,8180373,,,
2018-07-19,1289.4808350247272,2869.4434889554977,12.9319007,77.6086092,12.9361161,77.616254,0.8223616945933421,7.309999942779541,0.008588140830397606,4519,,,,,79310822,5288347,,,
2018-07-20,1259.988108521339,2441.65447473526,12.9332541,77.6083173,12.9400061,77.6166438,0.7868392198355768,9.75,0.00564695755019784,3311,,,,1410660,80174932,2708843,,,
2018-07-21,1319.6021640336262,4966.4124056417495,12.9242633,77.6086092,12.9364877,77.6130491,0.7289531326377577,4.575206279754639,0.0,5929,,,,,78678948,6367117,,,
2018-07-22,1405.7303575941032,7289.419488072395,12.9317452,77.608561,12.9363689,77.6172193,0.9713997336729457,10.609999656677246,0.018263397738337517,8684,,,,,73892727,9433332,,,
2018-07-23,1261.0863014493202,2106.906677177176,12.9328433,77.6085937,12.9366372,77.6193468,0.5683669448000218,8.649999618530273,0.0,4055,,,,,78374704,4267819,,,
2018-07-24,1295.7432257000498,3592.483678340912,12.93292101,77.608511,12.9360682,77.6162326,0.9691053458159078,5.309999942779541,0.0,5514,,,,,79400942,5513286,,,
2018-07-25,115.98161951322669,3225.966442257166,12.9328928,77.6085647,12.9361809,77.6162326,0.7180166554878935,7.429999828338623,0.13745242357254028,4836,,,,,71266677,3499178,,,
2018-07-26,,2971.062825202942,12.9275752,77.6085647,12.936219449969922,77.6361177,1.2098887708451547,11.029999732971191,0.5,3932,,,,,78611840,4811818,,,
2018-07-27,,2341.3362498879433,12.9329836,77.6085647,12.9363777,77.6229184,1.0330267486640925,7.610000133514404,0.5,5466,,,,,63291166,6913328,,,
2018-07-28,1380.5171147623594,6985.703616060317,12.9349315,77.5917278,13.0265098,77.6137907,1.6718799016164718,12.789999961853027,0.16990871727466583,9627,,,,548295,71122342,9614405,,,
2018-07-29,1302.2427983848506,2300.10986661911,12.8488931,77.5126544,13.0302733,77.6088623,2.0710450930536073,15.789999961853027,0.11170399188995361,5043,,,,,71358075,6136325,,,
2018-07-30,1236.2736936334566,2583.5610194969922,12.932756,77.6085647,12.9362358,77.6162326,0.4873601730694903,3.1298131942749023,0.025035027414560318,6581,,,,,77311261,3377214,,,
2018-07-31,1252.638045539317,4925.500054657459,12.9328909,77.6061602,12.9362494,77.6162381,0.7509798815467019,3.815023899078369,0.0511699877679348,8723,,,,,77218992,5689583,,,
2018-08-01,1414.1133485671185,5597.510528445244,12.9194503,77.58744389,12.93996049,77.6198988,0.7147392238386224,9.760000228881836,0.0501427985727787,10439,,,,,74021408,9764990,,,
2018-08-02,1472.964925346177,10798.787133425474,12.91650858,77.5874937,12.94268,77.61709837,1.03208792582806,10.4399995803833,0.016561025753617287,13067,,,,773348,69479265,11045485,,,
2018-08-03,1338.8997284624204,8873.939078778028,12.9193806,73.8588284,18.447237,77.64166670922438,1.805196164308174,23.720521926879883,0.03673422709107399,3427,,,,1916382,23509883,4998271,,,
2018-08-04,1249.889330278329,1338.760517835617,18.4485257,73.8510021,18.5949456,73.9938396,1.015191165467664,21.43000030517578,0.08773063868284225,2729,,,,,67226515,3866271,,,
2018-08-05,1263.135680472222,3088.3279957436025,18.472073,73.88541532,18.5974897,73.966015,1.4858532566084395,16.1200008392334,0.01613604836165905,3363,,,,,73787177,4328357,,,
2018-08-06,1248.869511901081,2181.322850704193,18.4628262,73.9040723,18.5202418,73.9466899,1.4943111941114173,10.4399995803833,0.27889126539230347,3245,,,,,78110535,3795751,,,
2018-08-07,972.7734407602288,1770.693388171494,18.51281006,72.6181924,23.0719381,88.439888,0.7178468485720518,13.550000190734863,0.14713406562805176,3586,40.0,40.0,40.0,,67241243,4083873,,,
2018-08-08,1225.4421652414967,843.4352546930313,22.55418042,88.37552239,22.5548541,88.3761937,0.712454171508587,3.7728753089904785,0.042630668729543686,1440,,,,,82903350,2500214,,,
2018-08-09,1317.5696401803332,1996.0241068452597,22.5544172,88.3758303,22.5547291,88.3762127,0.5518647841780074,3.139220714569092,0.0,4514,,,,,79552838,5690840,,,
2018-08-10,1144.6584080227033,590.5327715873718,22.554294,88.3756967,22.5547277,88.3761937,0.572152409989332,1.7346605062484741,0.12798091769218445,983,,,,,83350638,3049362,,,
2018-08-11,1023.093534367358,2983.7651777267456,22.5132326,88.3702858,22.5592092,88.403189,0.5840525145332071,9.680000305175781,0.19267861545085907,5765,,,,,72487000,9555992,,,
2018-08-12,1373.2706879710888,4929.8735260516405,22.5405101,88.3441515,22.5967483,88.3768744,0.5734392250568766,4.287175178527832,0.19021821022033691,7339,,,,,73894360,7619918,,,
2018-08-13,1349.900430473822,3999.186085846275,22.5322539,88.3553897,22.5619133,88.3873206,0.748272622376278,14.699999809265137,0.04040839895606041,5281,,,,,72900981,6953985,,,
2018-08-14,1432.7283515494958,9085.303845312446,22.5014487,88.3608482,22.5557346,88.3761871,0.7761874207530363,11.610419273376465,0.049036797136068344,5566,,,,1866525,74008350,7668925,,,
2018-08-15,1274.4263301667997,878.515983402729,22.5543859,88.3758353,22.5546999,88.3762099,0.3595307982992637,1.395237922668457,0.09413094073534012,2550,,,,,82063633,4196668,,,
2018-08-16,417.7916849980906,,22.5544208,88.3758377,22.5546999,88.3761736,,,,205,,,,,31300414,,,,
2019-06-04,949.6809395167825,,,,,,,,,,,,,,,,,,
2019-06-05,1153.25,,,,,,,,,,,,,,,,,,
2019-06-06,1192.6455666095535,,,,,,,,,,43.09000015258789,43.09000015258789,43.09000015258789,,,,553933,,
2019-06-07,1200.9388498118446,,,,,,,,,,,,,,,,595610,,
2019-06-08,1199.5107085957593,,,,,,,,,,,,,,,,544948,,
2019-06-09,350.4375394394486,,,,,,,,,,43.09127426147461,43.09127426147461,43.09127426147461,,,,319446,,
2019-06-13,315.4185708600475,,,,,,,,,,,,,,,,,,
2019-06-14,1184.1627197265625,,,,,,,,,,,,,,,,,,
2019-06-15,868.7441488665149,,,,,,,,,,43.09127426147461,43.09127426147461,43.09127426147461,,,,,,
2019-07-13,696.9047578178853,,,,,,,,,,,,,,,,,,
2019-07-14,1184.1626174045637,,,,,,,,,,,,,,,,,,
2019-07-15,1363.992712884849,4889.637099981308,42.3369082,-71.1196201,42.3467562,-71.1069363,0.9699930548538663,2.75,0.04855583980679512,7998,,,,,45692077,5665679,,,
2019-07-16,1413.1284280946882,5917.096964120865,42.3374405,-71.1297554,42.3506953,-71.1069698,0.9359326215499577,7.300000190734863,0.05223271623253822,10537,,,,,73742252,7156816,,,
2019-07-17,1287.6586153125816,2767.1080169677734,42.3390253,-71.1196515,42.346871,-71.1080199,0.6753684612718583,3.4000000953674316,0.15814441442489624,4366,,,,,82877453,3250224,,,
2019-07-18,1308.1280389567323,3488.7440683841705,42.3389918,-71.1372148,42.3633128,-71.1079456,1.3968083099810114,12.460000038146973,0.17298831045627594,5696,,,,,78322539,3881616,,,
2019-07-19,1411.8965638965628,4756.938284397125,42.2023931,-71.140395,42.3495157,-71.0944763,2.513496862973357,29.860000610351562,0.5,10667,,,,,70464579,562867,,7234559,
2019-07-20,1234.8740260748887,1665.627200603485,42.3400038,-71.120652,42.3470734,-71.1185691,1.8633063092967082,4.010000228881836,0.2815583050251007,2856,,,,,82549342,1595720,,,
2019-07-21,1387.8914276385312,4265.84258851409,42.3466622,-71.1194557,42.3611613,-71.0496945,1.149161278090085,10.279999732971191,0.2785758078098297,8764,,,,,72939131,6822540,,,
2019-07-22,1266.1741145625772,2822.815964668989,42.3384965,-71.1195266,42.3467781,-71.1079348,1.222073988498831,2.509999990463257,0.2726013958454132,4196,,,,,83307704,2525674,,,
2019-07-23,1314.6080216245123,3880.8789246082306,42.3384746,-71.1195569,42.3467869,-71.1079108,0.670366073630095,1.710352897644043,0.07996702194213867,7790,,,,,81161532,4102695,,,
2019-07-24,1314.4338818737401,4033.6925727128983,42.3390693,-71.1192772,42.3467491,-71.1079789,0.8180991642665384,1.6945818662643433,0.2815582752227783,6861,,,,,80473196,4099205,,,
2019-07-25,1261.5347247311317,2536.70638859272,42.3390354,-71.1193793,42.3469005,-71.1079946,1.2182982102273283,3.859999895095825,0.2668799161911011,4087,,,,,83555554,2434641,,,
2019-07-26,1381.0772928148713,6845.112004041672,42.3439228,-71.1194321,42.3589387,-71.0821971,1.440346182158516,10.859999656677246,0.1965368688106537,10342,,,,,79157734,6174474,,,
2019-07-27,1184.1626983145966,,42.3467224,-71.1193295,42.3467752,-71.1192112,0.780000001192093,0.9200000166893005,0.6399999856948853,131,,,,,86321883,,,,
2019-07-28,1298.6692789595018,3022.7567671239376,42.3442261,-71.1195838,42.4134816,-70.9899106,1.2760134939813044,16.3700008392334,0.14745208621025085,5136,,,,,75783971,3598126,,,
2019-07-29,1284.546098540068,2793.9804644584656,42.3389955,-71.1202981,42.347238,-71.1078293,1.1471441766351478,3.4000000953674316,0.2541612386703491,4727,,,,,82594350,3158736,,,
2019-07-30,1306.098989116619,3583.40285718441,42.3388849,-71.1203022,42.3467428,-71.107621,0.92164331343536,27.079999923706055,0.27007991075515747,5805,,,,481180,81933892,3315047,,,
2019-07-31,1278.2155084083897,3045.61811375618,42.3374528,-71.1195356,42.3467857,-71.1073989,0.7887393483656504,1.7343015670776367,0.2535473704338074,4567,,,,,82355376,2962589,,,
2019-08-01,1252.6138981098802,2212.6043204069138,42.3390654,-71.1192904,42.3468115,-71.1082975,1.2123717419973576,2.3395447731018066,0.28194278478622437,4095,,,,,80464762,2153934,,,
2019-08-02,1265.5469344229216,2834.1032865047455,42.3389761,-71.1195223,42.346857,-71.107915,0.7065772555479503,1.704929232597351,0.2775607407093048,4494,,,,,81113173,2560893,,,
2019-08-03,1225.2069431665168,1221.857256412506,42.3466312,-71.1196454,42.3468247,-71.1191049,0.8934455696706957,1.6667813062667847,0.29249224066734314,2307,,,,,84437293,1291122,,,
2019-08-04,1232.3563928206115,1229.992646932602,42.3463336,-71.1195696,42.3469893,-71.1188032,1.7198535975603018,2.609999895095825,0.2815582752227783,2254,,,,,80294973,1514301,,,
2019-08-05,1321.7603800037061,4361.93936920166,42.3352842,-71.119315,42.3467687,-71.1034181,1.8259913287945224,4.650000095367432,0.1637224704027176,6393,,,,,60165295,4303589,,,21000000
2019-08-06,1327.6493510896842,4033.3975445479155,42.3351553,-71.1195266,42.346847,-71.1029343,1.155481090329711,3.97479248046875,0.2984238266944885,6552,,,,,57846374,4483906,,,19800000
2019-08-07,1299.9702226213565,3571.9975578188896,42.3390777,-71.120715,42.3470083,-71.1083426,1.1088226395966982,1.5728840827941895,0.2862611711025238,5937,,,,,57835751,3644080,,,23100000
2019-08-08,1286.8735315261122,2758.3324863910675,42.3390257,-71.1193427,42.3467922,-71.1080424,0.8157512111569291,1.6377133131027222,0.3272993564605713,4387,,,,,60101718,3231972,,,22800000
2019-08-09,1294.046412628916,2894.442265331745,42.3375872,-71.1196117,42.3467931,-71.1071068,0.8269220666290074,4.119999885559082,0.26278775930404663,5139,,,,,63350949,3457677,,,18900000
2019-08-10,1378.055646916938,6236.650929063559,42.3411748,-71.133457,42.3567909,-71.0588791,1.3090521876966854,5.789999961853027,0.014189005829393864,10090,,,,,73805886,6058115,,,
2019-08-11,1325.9265033215258,6315.348214268684,42.3464397,-71.1194163,42.365247,-71.1014286,1.3703238857307931,3.630000114440918,0.34633171558380127,7811,,,,,80971466,4321733,,,
2019-08-12,1278.473833957273,3136.2185208797455,42.3462563,-71.119646,42.3467959,-71.1191762,0.7986318042007803,1.6524953842163086,0.3440130650997162,5207,,,,,82654047,2967658,,,
2019-08-13,1476.5568060217881,7139.12948051095,42.3386739,-71.1271489,42.3755027,-71.1020329,1.8814250975908844,12.680000305175781,0.06417442113161087,12404,,,,,74273830,9164713,,,
2019-08-14,1321.4617576193582,3992.2668639421463,42.3383475,-71.1305853,42.3620768,-71.1070453,0.8575601755108884,11.619999885559082,0.2815582752227783,6498,,,,,80042870,4317938,,,
2019-08-15,1374.0530546949233,5737.95641374588,42.3382355,-71.1202766,42.3575734,-71.0464009,0.9831886008672925,4.440000057220459,0.23336061835289001,8905,,,,,74831531,5663857,,,
2019-08-16,1263.4337733378964,2654.5136320590973,42.3388443,-71.1195464,42.3469132,-71.1076468,0.72607423811901,1.9001981019973755,0.39257487654685974,3953,,,,,82846990,2488182,,,
2019-08-17,1385.7688506678226,5501.753504892811,42.3420764,-71.1216754,42.374684,-71.030345,1.5376923713380675,11.300000190734863,0.28091007471084595,9146,,,,,71877782,6281017,,,
2019-08-18,1375.9628257269026,5412.0509424209595,42.3428064,-71.1195563,42.3562221,-71.0596959,0.8374884108114459,3.0,0.17449124157428741,9697,,,,,74112179,5945912,,,
2019-08-19,1297.1424130698044,3542.9401228427887,42.3389618,-71.119679,42.3468657,-71.1078504,0.9928517904057684,1.8300000429153442,0.173906609416008,5842,,,,,82354281,3555098,,,
2019-08-20,1298.1697973651694,3500.2817845344543,42.3389967,-71.119702,42.3468807,-71.1080205,0.7209404892952676,1.7260363101959229,0.276549756526947,6451,,,,,80113387,3587428,,,
2019-08-21,1270.666139803864,2767.3458205014467,42.3388368,-71.1195371,42.3467958,-71.1076303,1.2287620099505574,6.159999847412109,0.2552659213542938,4576,,,,,81454922,2711431,,,
2019-08-22,1290.0856381048602,3122.4673829078674,42.3374609,-71.1195965,42.3469112,-71.107747,1.3070751201957853,2.5935559272766113,0.0,5178,,,,,82424212,3327043,,,
2019-08-23,1364.182504084096,5413.212303459644,42.3374795,-71.1195751,42.354925,-71.0424989,0.7609048566898825,3.6711456775665283,0.07798922806978226,8660,,,,,76424969,5664626,,,
2019-08-24,1422.844653315401,7312.706738591194,41.4689148,-71.4129115,42.3523627,-71.0547118,2.2478393594162727,34.529998779296875,0.09104005247354507,13309,,,,,54757365,7410999,,,
2019-08-25,1184.1627465619354,,42.3465923,-71.1193463,42.346819,-71.1191598,1.2089496886912445,2.0,0.5099999904632568,142,,,,,85894491,,,,
2019-08-26,1346.6134914978795,4680.433665156364,42.3387635,-71.1196452,42.3467607,-71.1023083,0.9363850465097727,2.4200000762939453,0.25193989276885986,7587,,,,,78767584,5104752,,,
2019-08-27,1385.9219820675287,6354.1498166918755,42.3316276,-71.1306057,42.3620664,-71.1072188,1.0881386488939186,6.630000114440918,0.2815583050251007,9583,,,,,76739430,6306777,,,
2019-08-28,1312.2426355894638,3461.1767489910126,42.33849,-71.119403,42.3467706,-71.1075299,0.8620750663133059,1.6041394472122192,0.24430221319198608,5638,,,,,81859608,4030252,,,
2019-08-29,1491.5120384475188,9414.000348985195,42.3384048,-71.1287513,42.3745818,-71.0861342,1.1589584808461701,17.690000534057617,0.1333867609500885,13974,,,,,72246858,9567176,,,
2019-08-30,1446.1740801003684,5959.571360886097,42.3392048,-71.1205808,42.3764253,-71.0499751,2.669723354711355,16.270000457763672,0.15720587968826294,11241,,,,,70564270,8221131,,,
2019-08-31,1384.8373950621876,6398.996852993965,42.3449233,-71.1327134,42.3623016,-71.0650668,0.7892642562933241,8.140000343322754,0.16505147516727448,12601,,,,,71868512,6298444,,,
2019-09-01,1389.1269206735526,4481.650199383497,42.346701,-71.130561,42.376394,-71.0728131,0.8255261481855389,10.930000305175781,0.2160179615020752,9320,,,,,72063430,6443140,,,
2019-09-02,1383.664325593865,3911.2017045617104,42.3455222,-71.1309928,42.3636857,-71.0743495,1.2777144102278364,11.1899995803833,0.14586679637432098,8691,,,,,70063568,6257728,,,
2019-09-03,1301.1343454672285,2540.0380720458925,42.3318853,-71.1307086,42.3654263,-71.100207,1.0349479907589207,14.350000381469727,0.065890833735466,4462,,,,,77715466,3680714,,,
2019-09-04,1233.080843806793,1335.02930444479,42.3311639,-71.1306376,42.3649044,-71.1019175,1.8250983821202296,14.739999771118164,0.1510099619626999,2620,,,,,75453732,1511552,,,
2019-09-05,1274.6550141534328,2325.5101342201233,42.331646,-71.1352653,42.3647671,-71.1014387,1.1253372399117116,9.8100004196167,0.13477620482444763,4505,,,,,76572571,2820398,,,
2019-09-06,1238.2300723596795,1547.2654252052307,42.3317819,-71.1311358,42.3650359,-71.1020783,0.8457311961050554,9.460000038146973,0.21373049914836884,2950,,,,,80417191,1682602,,,
2019-09-07,1289.8784968483349,3616.852776646614,42.3397284,-71.1421668,42.3637345,-71.1301955,1.1452336403493657,14.079999923706055,0.4459604024887085,5989,,,,,81602147,3326527,,,
2019-09-08,1184.1626592217956,,42.3620641,-71.1306621,42.3623046,-71.1304795,3.8179689282485034,6.460000038146973,0.5,79,,,,,86150508,,,,
2019-09-09,1258.1343802775766,2013.406128630042,42.3312174,-71.1376359,42.3627381,-71.1046722,1.0894972900075164,11.390000343322754,0.24412570893764496,3108,,,,,79428773,2246404,,,
2019-09-10,1323.4016186988692,2707.602832853794,42.3317896,-71.1336804,42.3622975,-71.0864853,0.9385508082484756,10.930000305175781,0.25746554136276245,4837,,,,,74876284,4362476,,,
2019-09-11,1226.6231039484526,1461.4309220910072,42.3386822,-71.1306251,42.3681729,-71.0958379,8.251476188184519,22.739999771118164,0.33306685090065,2132,,,,,68281927,1299649,,,
2019-09-12,1265.8875916877232,1200.653344154358,42.3319413,-71.1307951,42.3662189,-71.1029993,1.4120071135395045,11.010000228881836,0.15475083887577057,2797,,,,,77797620,2571613,,,
2019-09-13,1149.2108100790738,1145.9436824321747,42.3329129,-71.1367251,42.3623202,-71.0952738,0.9785717408373718,14.84000015258789,0.3326336741447449,2826,,,,,71073841,1736031,,,
